ent,初始数量,最多数量（-1无上限）,道具名（语言表ID）,描述,自动动恢复（间隔时间（分），恢复数量，离线是否恢复(0不恢复),图标路径,获取弹窗图片路径（title；tip；icon）,获得道具时ui界面icon路径,1播放飞行特效,1在背包展示,第二天是否恢复上限,一天最多使用次数,看完视频 添加道具个数,看完视频 1直接使用,1播放飞行特效,注释
id,default_count,max_count,id_name,id_describe,auto_resume,icon_url,ui_img_url,add_other_icon_url,is_fly,is_package_show,is_refull,today_max,video_add_count,is_video_add_use,is_fly,
1,0,-1,401,22,-1;-1;0,,,,,,,99999,1,,,
2,0,-1,3,3,-1;-1;0,,,,,,,99999,1,,,
3,0,-1,402,23,-1;-1;0,,,,,,,99999,1,,,
4,0,-1,403,5,-1;-1;0,,,,,,,99999,1,,,
5,0,-1,404,405,-1;-1;0,,,,,,,99999,1,,,
6,0,-1,401,22,-1;-1;0,,,,,,,99999,1,,,
7,0,-1,3,3,-1;-1;0,,scene/texture/prop/jiashi;scene/texture/prop/jiashi2;scene/texture/prop/jiashi1,,,,,99999,1,1,,加时
8,5,5,,,10;1;1,main/texture/ui/prop/power,scene/texture/prop/tili;scene/texture/prop/tili_tip;scene/texture/prop/tili_icon,,,,,99999,1,,1,
